{
  "IcoMoonType": "selection",
  "icons": [
    {
      "icon": {
        "paths": [
          "M993.28 460.8h-174.080v-174.080c0-30.72-20.48-30.72-51.2-30.72s-51.2 0-51.2 30.72v174.080h-174.080c-30.72 0-30.72 20.48-30.72 51.2s0 51.2 30.72 51.2h174.080v174.080c0 30.72 20.48 30.72 51.2 30.72s51.2 0 51.2-30.72v-174.080h174.080c30.72 0 30.72-20.48 30.72-51.2s0-51.2-30.72-51.2zM378.88 460.8h-348.16c-30.72 0-30.72 20.48-30.72 51.2s0 51.2 30.72 51.2h348.16c30.72 0 30.72-20.48 30.72-51.2s0-51.2-30.72-51.2zM378.88 716.8h-348.16c-30.72 0-30.72 20.48-30.72 51.2s0 51.2 30.72 51.2h348.16c30.72 0 30.72-20.48 30.72-51.2s0-51.2-30.72-51.2zM378.88 204.8h-348.16c-30.72 0-30.72 20.48-30.72 51.2s0 51.2 30.72 51.2h348.16c30.72 0 30.72-20.48 30.72-51.2s0-51.2-30.72-51.2z"
        ],
        "attrs": [],
        "isMulticolor": false,
        "isMulticolor2": false,
        "tags": [
          "add-to-list"
        ],
        "grid": 20
      },
      "attrs": [],
      "properties": {
        "id": 1,
        "order": 30,
        "prevSize": 20,
        "name": "add-to-list"
      },
      "setIdx": 0,
      "setId": 2,
      "iconIdx": 0
    },
    {
      "icon": {
        "paths": [
          "M998.963 920.576l-456.038-851.558c-6.349-11.008-18.125-17.818-30.925-17.818-12.851 0-24.627 6.81-30.925 17.818l-455.987 851.558c-6.195 10.803-6.093 24.115 0.256 34.816 6.4 10.803 18.022 17.408 30.618 17.408h912.077c12.544 0 24.269-6.605 30.618-17.408 6.349-10.701 6.451-24.013 0.307-34.816zM563.2 870.4h-102.4v-102.4h102.4v102.4zM563.2 691.2h-102.4v-332.8h102.4v332.8z"
        ],
        "attrs": [],
        "isMulticolor": false,
        "isMulticolor2": false,
        "tags": [
          "warning"
        ],
        "grid": 20
      },
      "attrs": [],
      "properties": {
        "id": 15,
        "order": 13,
        "prevSize": 20,
        "name": "warning"
      },
      "setIdx": 0,
      "setId": 2,
      "iconIdx": 14
    },
    {
      "icon": {
        "paths": [
          "M716.8 102.4v870.4l-204.8-204.8-204.8 204.8v-870.4c0-28.314 29.952-52.224 51.2-51.2h307.2c35.277-1.024 51.2 22.886 51.2 51.2z"
        ],
        "attrs": [],
        "isMulticolor": false,
        "isMulticolor2": false,
        "tags": [
          "bookmark"
        ],
        "grid": 20
      },
      "attrs": [],
      "properties": {
        "id": 32,
        "order": 10,
        "prevSize": 20,
        "name": "bookmark"
      },
      "setIdx": 0,
      "setId": 2,
      "iconIdx": 31
    },
    {
      "icon": {
        "paths": [
          "M765.901 234.035l-368.794 253.389c0 0-14.285 10.291-14.285 24.627s14.285 24.525 14.285 24.525l368.794 253.491c29.286 19.456 53.299 5.069 53.299-32.051v-491.981c0-37.222-24.013-51.61-53.299-32zM307.2 204.8h-51.2c-28.314 0-51.2 2.458-51.2 30.72v552.96c0 28.262 22.886 30.72 51.2 30.72h51.2c28.314 0 51.2-2.458 51.2-30.72v-552.96c0-28.262-22.886-30.72-51.2-30.72z"
        ],
        "attrs": [],
        "isMulticolor": false,
        "isMulticolor2": false,
        "tags": [
          "controller-jump-to-start"
        ],
        "grid": 20
      },
      "attrs": [],
      "properties": {
        "id": 52,
        "order": 4,
        "prevSize": 20,
        "name": "controller-jump-to-start"
      },
      "setIdx": 0,
      "setId": 2,
      "iconIdx": 51
    },
    {
      "icon": {
        "paths": [
          "M626.893 487.424l-368.794-253.389c-29.286-19.61-53.299-5.222-53.299 32v491.981c0 37.12 24.013 51.507 53.299 32l368.794-253.491c0 0 14.285-10.189 14.285-24.474 0-14.336-14.285-24.627-14.285-24.627zM716.8 204.8h51.2c28.314 0 51.2 2.458 51.2 30.72v552.96c0 28.262-22.886 30.72-51.2 30.72h-51.2c-28.314 0-51.2-2.458-51.2-30.72v-552.96c0-28.262 22.886-30.72 51.2-30.72z"
        ],
        "attrs": [],
        "isMulticolor": false,
        "isMulticolor2": false,
        "tags": [
          "controller-next"
        ],
        "grid": 20
      },
      "attrs": [],
      "properties": {
        "id": 53,
        "order": 5,
        "prevSize": 20,
        "name": "controller-next"
      },
      "setIdx": 0,
      "setId": 2,
      "iconIdx": 52
    },
    {
      "icon": {
        "paths": [
          "M768 153.6h-102.4c-28.314 0-51.2 2.458-51.2 30.72v655.36c0 28.262 22.886 30.72 51.2 30.72h102.4c28.314 0 51.2-2.458 51.2-30.72v-655.36c0-28.262-22.886-30.72-51.2-30.72zM358.4 153.6h-102.4c-28.314 0-51.2 2.458-51.2 30.72v655.36c0 28.262 22.886 30.72 51.2 30.72h102.4c28.314 0 51.2-2.458 51.2-30.72v-655.36c0-28.262-22.886-30.72-51.2-30.72z"
        ],
        "attrs": [],
        "isMulticolor": false,
        "isMulticolor2": false,
        "tags": [
          "controller-paus"
        ],
        "grid": 20
      },
      "attrs": [],
      "properties": {
        "id": 54,
        "order": 6,
        "prevSize": 20,
        "name": "controller-paus"
      },
      "setIdx": 0,
      "setId": 2,
      "iconIdx": 53
    },
    {
      "icon": {
        "paths": [
          "M768 512.051c0 15.309-15.616 26.317-15.616 26.317l-438.323 271.514c-31.949 20.941-58.061 5.427-58.061-34.253v-527.206c0-39.782 26.112-55.194 58.112-34.304l438.323 271.616c-0.051 0 15.565 11.008 15.565 26.317z"
        ],
        "attrs": [],
        "isMulticolor": false,
        "isMulticolor2": false,
        "tags": [
          "controller-play"
        ],
        "grid": 20
      },
      "attrs": [],
      "properties": {
        "id": 55,
        "order": 7,
        "prevSize": 20,
        "name": "controller-play"
      },
      "setIdx": 0,
      "setId": 2,
      "iconIdx": 54
    },
    {
      "icon": {
        "paths": [
          "M972.8 706.816c0 33.638-27.546 61.184-61.184 61.184h-833.126c-45.056 0-50.278-18.995-11.725-42.086l835.738-463.616c38.656-23.194 70.298-5.325 70.298 39.782v404.736z"
        ],
        "attrs": [],
        "isMulticolor": false,
        "isMulticolor2": false,
        "tags": [
          "controller-volume"
        ],
        "grid": 20
      },
      "attrs": [],
      "properties": {
        "id": 58,
        "order": 8,
        "prevSize": 20,
        "name": "controller-volume"
      },
      "setIdx": 0,
      "setId": 2,
      "iconIdx": 57
    },
    {
      "icon": {
        "paths": [
          "M512.051 399.36c-62.208 0-112.691 50.432-112.691 112.64s50.483 112.64 112.691 112.64c62.208 0 112.589-50.432 112.589-112.64s-50.381-112.64-112.589-112.64zM153.651 399.36c-62.208 0-112.691 50.432-112.691 112.64s50.483 112.64 112.691 112.64c62.208 0 112.589-50.483 112.589-112.64s-50.381-112.64-112.589-112.64zM870.451 399.36c-62.208 0-112.691 50.432-112.691 112.64s50.483 112.64 112.691 112.64c62.208 0 112.589-50.432 112.589-112.64s-50.381-112.64-112.589-112.64z"
        ],
        "attrs": [],
        "isMulticolor": false,
        "isMulticolor2": false,
        "tags": [
          "dots-three-horizontal"
        ],
        "grid": 20
      },
      "attrs": [],
      "properties": {
        "id": 60,
        "order": 9,
        "prevSize": 20,
        "name": "dots-three-horizontal"
      },
      "setIdx": 0,
      "setId": 2,
      "iconIdx": 59
    },
    {
      "icon": {
        "paths": [
          "M512.051 399.36c-62.208 0-112.691 50.432-112.691 112.64s50.483 112.64 112.691 112.64c62.208 0 112.589-50.432 112.589-112.64s-50.381-112.64-112.589-112.64zM512.051 266.24c62.208 0 112.589-50.483 112.589-112.64s-50.381-112.64-112.589-112.64c-62.208 0-112.691 50.432-112.691 112.64s50.483 112.64 112.691 112.64zM512.051 757.76c-62.208 0-112.691 50.432-112.691 112.64s50.483 112.64 112.691 112.64c62.208 0 112.589-50.432 112.589-112.64s-50.381-112.64-112.589-112.64z"
        ],
        "attrs": [],
        "isMulticolor": false,
        "isMulticolor2": false,
        "tags": [
          "dots-three-vertical"
        ],
        "grid": 20
      },
      "attrs": [],
      "properties": {
        "id": 61,
        "order": 16,
        "prevSize": 20,
        "name": "dots-three-vertical"
      },
      "setIdx": 0,
      "setId": 2,
      "iconIdx": 60
    },
    {
      "icon": {
        "paths": [
          "M727.091 470.733c71.117 96.41 93.082 180.070 79.821 193.382-13.312 13.21-96.922-8.704-193.434-79.821l-282.931 282.982c214.323 94.106 492.902-103.322 542.976-153.395 47.36-47.206 4.966-169.421-95.027-294.605l-51.405 51.456zM443.75 406.579c-56.269-84.89-73.267-154.778-61.133-166.912 11.93-11.981 81.92 4.915 166.758 61.286l52.378-52.48c-115.917-85.709-225.024-119.501-269.158-75.213-47.514 47.411-227.738 300.902-165.427 509.798l276.582-276.48zM948.275 75.674c-19.968-20.019-52.378-20.019-72.397 0l-800.205 800.256c-20.019 20.019-20.019 52.429 0 72.397 20.019 20.019 52.378 20.019 72.397 0l800.205-800.256c20.019-20.019 20.019-52.429 0-72.397z"
        ],
        "attrs": [],
        "isMulticolor": false,
        "isMulticolor2": false,
        "tags": [
          "sound-mute"
        ],
        "grid": 20
      },
      "attrs": [],
      "properties": {
        "id": 78,
        "order": 11,
        "prevSize": 20,
        "name": "sound-mute"
      },
      "setIdx": 0,
      "setId": 2,
      "iconIdx": 77
    },
    {
      "icon": {
        "paths": [
          "M271.974 233.779c-57.446 57.293-308.582 415.488-91.597 632.422 216.883 216.986 574.976-34.202 632.525-91.597 57.395-57.293-17.152-225.024-166.502-374.374-149.453-149.453-316.979-224.051-374.426-166.451zM746.291 724.787c-16.998 16.794-148.224-23.398-274.637-149.914-126.31-126.413-166.707-257.69-149.709-274.586 16.794-16.998 148.173 23.398 274.432 149.811 126.515 126.31 166.81 257.69 149.914 274.688zM790.221 306.278l97.485-97.587c20.019-20.019 20.019-52.378 0-72.397-19.968-20.019-52.378-20.019-72.397 0l-97.485 97.587c-20.019 20.019-20.019 52.429 0 72.397 19.968 19.968 52.378 19.968 72.397 0zM569.549 194.56c24.73 13.722 55.859 4.864 69.632-19.866l55.654-98.611c13.722-24.73 4.864-55.859-19.866-69.632-24.678-13.773-55.859-4.864-69.632 19.866l-55.654 98.611c-13.722 24.781-4.813 55.962 19.866 69.632zM1017.446 348.979c-13.67-24.73-44.902-33.638-69.632-19.866l-99.328 54.323c-24.73 13.722-33.638 44.954-19.866 69.632 13.722 24.73 44.902 33.638 69.632 19.866l99.328-54.323c24.73-13.773 33.638-44.902 19.866-69.632z"
        ],
        "attrs": [],
        "isMulticolor": false,
        "isMulticolor2": false,
        "tags": [
          "sound"
        ],
        "grid": 20
      },
      "attrs": [],
      "properties": {
        "id": 79,
        "order": 12,
        "prevSize": 20,
        "name": "sound"
      },
      "setIdx": 0,
      "setId": 2,
      "iconIdx": 78
    },
    {
      "icon": {
        "paths": [
          "M35.072 512h121.446v-10.496c5.53-227.021 190.669-409.395 418.253-409.395 231.168 0 418.509 188.006 418.509 419.891s-187.341 419.789-418.509 419.789c-97.178 0-186.624-33.28-257.69-88.986l71.987-77.005c52.019 38.298 116.224 61.082 185.702 61.082 173.363 0 313.907-141.005 313.907-314.88s-140.544-314.88-313.907-314.88c-169.83 0-308.122 135.322-313.6 304.384v10.496h136.806l-178.893 199.373-184.013-199.373z"
        ],
        "attrs": [],
        "isMulticolor": false,
        "isMulticolor2": false,
        "tags": [
          "ccw"
        ],
        "grid": 20
      },
      "attrs": [],
      "properties": {
        "id": 124,
        "order": 14,
        "prevSize": 20,
        "name": "ccw"
      },
      "setIdx": 0,
      "setId": 2,
      "iconIdx": 123
    },
    {
      "icon": {
        "paths": [
          "M988.928 512h-121.446v-10.496c-5.53-227.021-190.669-409.395-418.253-409.395-231.168 0-418.509 188.006-418.509 419.891s187.341 419.789 418.509 419.789c97.178 0 186.624-33.28 257.69-88.986l-71.987-77.005c-52.019 38.298-116.224 61.082-185.702 61.082-173.363 0-313.907-141.005-313.907-314.88s140.544-314.88 313.907-314.88c169.83 0 308.122 135.322 313.6 304.384v10.496h-136.806l178.893 199.373 184.013-199.373z"
        ],
        "attrs": [],
        "isMulticolor": false,
        "isMulticolor2": false,
        "tags": [
          "cw"
        ],
        "grid": 20
      },
      "attrs": [],
      "properties": {
        "id": 144,
        "order": 15,
        "prevSize": 20,
        "name": "cw"
      },
      "setIdx": 0,
      "setId": 2,
      "iconIdx": 143
    },
    {
      "icon": {
        "paths": [
          "M942.336 245.709c-5.683-22.528-33.536-40.909-61.952-40.909h-348.877c-28.365 0-68.096-16.282-88.166-36.198l-30.515-30.106c-20.070-19.917-59.75-36.096-88.115-36.096h-166.656c-28.416 0-54.221 22.886-57.344 50.893l-14.95 153.907h866.867l-10.291-61.491zM993.894 358.4h-963.789c-17.51 0-31.232 15.053-29.542 32.512l47.258 495.053c1.894 20.173 18.893 35.635 39.219 35.635h849.92c20.326 0 37.274-15.462 39.219-35.635l47.258-495.053c1.69-17.459-12.032-32.512-29.542-32.512z"
        ],
        "attrs": [],
        "isMulticolor": false,
        "isMulticolor2": false,
        "tags": [
          "folder"
        ],
        "grid": 20
      },
      "attrs": [],
      "properties": {
        "id": 171,
        "order": 18,
        "prevSize": 20,
        "name": "folder"
      },
      "setIdx": 0,
      "setId": 2,
      "iconIdx": 170
    },
    {
      "icon": {
        "paths": [
          "M880.128 212.736c-85.606-78.541-224.41-78.541-310.016 0l-58.112 53.35-58.163-53.35c-85.606-78.541-224.358-78.541-309.965 0-96.307 88.422-96.307 231.424 0 319.795l368.128 337.869 368.128-337.869c96.256-88.371 96.256-231.424 0-319.795z"
        ],
        "attrs": [],
        "isMulticolor": false,
        "isMulticolor2": false,
        "tags": [
          "heart"
        ],
        "grid": 20
      },
      "attrs": [],
      "properties": {
        "id": 182,
        "order": 17,
        "prevSize": 20,
        "name": "heart"
      },
      "setIdx": 0,
      "setId": 2,
      "iconIdx": 181
    },
    {
      "icon": {
        "paths": [
          "M956.006 563.2h-85.606v307.2c0 22.784-9.933 51.2-51.2 51.2h-204.8v-307.2h-204.8v307.2h-204.8c-41.267 0-51.2-28.416-51.2-51.2v-307.2h-85.606c-30.618 0-24.064-16.589-3.072-38.298l410.829-411.238c9.984-10.342 23.091-15.462 36.25-15.974 13.158 0.512 26.266 5.581 36.25 15.974l410.778 411.187c21.043 21.76 27.597 38.349-3.021 38.349z"
        ],
        "attrs": [],
        "isMulticolor": false,
        "isMulticolor2": false,
        "tags": [
          "home"
        ],
        "grid": 20
      },
      "attrs": [],
      "properties": {
        "id": 185,
        "order": 19,
        "prevSize": 20,
        "name": "home"
      },
      "setIdx": 0,
      "setId": 2,
      "iconIdx": 184
    },
    {
      "icon": {
        "paths": [
          "M898.304 791.91l-193.485-193.485c29.184-47.872 45.978-104.192 45.978-164.352 0-174.95-151.603-326.502-326.554-326.502-174.95-0.051-316.723 141.773-316.723 316.723 0 174.899 151.603 326.502 326.502 326.502 58.214 0 112.64-15.821 159.488-43.213l194.509 194.611c19.046 18.995 49.92 18.995 68.915 0l48.282-48.282c18.995-18.995 12.083-43.008-6.912-62.003zM205.005 424.294c0-121.139 98.15-219.29 219.238-219.29 121.139 0 229.069 107.878 229.069 229.069 0 121.088-98.202 219.29-219.29 219.29-121.139-0.051-229.018-107.981-229.018-229.069z"
        ],
        "attrs": [],
        "isMulticolor": false,
        "isMulticolor2": false,
        "tags": [
          "magnifying-glass"
        ],
        "grid": 20
      },
      "attrs": [],
      "properties": {
        "id": 218,
        "order": 20,
        "prevSize": 20,
        "name": "magnifying-glass"
      },
      "setIdx": 0,
      "setId": 2,
      "iconIdx": 217
    },
    {
      "icon": {
        "paths": [
          "M80.589 270.643c24.986 13.414 371.098 199.373 384 206.285s29.594 10.189 46.387 10.189c16.794 0 33.485-3.277 46.387-10.189s359.014-192.87 384-206.285c25.037-13.466 48.691-65.843 2.765-65.843h-866.253c-45.926 0-22.272 52.378 2.714 65.843zM952.986 383.437c-28.416 14.797-378.214 197.069-395.622 206.182s-29.594 10.189-46.387 10.189-28.979-1.075-46.387-10.189-365.21-191.437-393.626-206.234c-19.968-10.445-19.763 1.792-19.763 11.213s0 373.402 0 373.402c0 21.504 28.979 51.2 51.2 51.2h819.2c22.221 0 51.2-29.696 51.2-51.2 0 0 0-363.93 0-373.35s0.205-21.658-19.814-11.213z"
        ],
        "attrs": [],
        "isMulticolor": false,
        "isMulticolor2": false,
        "tags": [
          "mail"
        ],
        "grid": 20
      },
      "attrs": [],
      "properties": {
        "id": 219,
        "order": 29,
        "prevSize": 20,
        "name": "mail"
      },
      "setIdx": 0,
      "setId": 2,
      "iconIdx": 218
    },
    {
      "icon": {
        "paths": [
          "M325.222 647.066c6.81 18.227-181.197 186.061-71.526 322.099 25.651 31.795 112.691-152.32 236.288-235.622 68.147-46.029 226.816-143.923 226.816-198.042v-350.31c0-65.075-251.597-133.99-442.778-133.99-70.093 0-171.622 439.091-171.622 508.877 0 69.99 216.115 68.762 222.822 86.989zM768 642.202c33.69 0 153.6-20.48 153.6-159.898v-248.218c0-139.315-119.91-154.675-153.6-154.675-33.638 0 51.2 29.286 51.2 115.712v326.298c0 90.522-84.838 120.781-51.2 120.781z"
        ],
        "attrs": [],
        "isMulticolor": false,
        "isMulticolor2": false,
        "tags": [
          "thumbs-down"
        ],
        "grid": 20
      },
      "attrs": [],
      "properties": {
        "id": 298,
        "order": 21,
        "prevSize": 20,
        "name": "thumbs-down"
      },
      "setIdx": 0,
      "setId": 2,
      "iconIdx": 297
    },
    {
      "icon": {
        "paths": [
          "M698.778 376.934c-6.81-18.176 181.197-186.061 71.578-322.099-25.651-31.795-112.691 152.32-236.288 235.674-68.198 45.978-226.867 143.872-226.867 197.99v350.31c0 65.075 251.597 133.99 442.778 133.99 70.093 0 171.622-439.091 171.622-508.826 0-70.042-216.115-68.813-222.822-87.040zM256 381.798c-33.69 0-153.6 20.48-153.6 159.898v248.218c0 139.315 119.91 154.675 153.6 154.675 33.638 0-51.2-29.286-51.2-115.712v-326.298c0-90.522 84.838-120.781 51.2-120.781z"
        ],
        "attrs": [],
        "isMulticolor": false,
        "isMulticolor2": false,
        "tags": [
          "thumbs-up"
        ],
        "grid": 20
      },
      "attrs": [],
      "properties": {
        "id": 299,
        "order": 22,
        "prevSize": 20,
        "name": "thumbs-up"
      },
      "setIdx": 0,
      "setId": 2,
      "iconIdx": 298
    },
    {
      "icon": {
        "paths": [
          "M395.52 109.875c-52.019 38.707-65.997 99.994-63.437 132.608 3.277 39.885 11.366 91.802 11.366 91.802s-16.026 8.704-16.026 43.725c5.581 87.91 34.97 49.971 41.011 88.525 14.541 92.877 47.77 76.339 47.77 127.027 0 84.429-34.816 123.904-143.514 170.701-109.056 47.002-221.491 106.138-221.491 208.538v51.2h921.6v-51.2c0-102.4-112.486-161.536-221.594-208.486-108.698-46.797-143.411-86.221-143.411-170.701 0-50.688 33.126-34.15 47.718-127.027 6.093-38.554 35.43-0.614 41.114-88.525 0-35.021-16.077-43.725-16.077-43.725s8.090-51.917 11.315-91.802c3.328-41.83-20.378-131.123-117.76-158.515-17.050-17.408-28.57-45.107 23.859-72.909-114.688-5.376-141.363 54.63-202.445 98.765z"
        ],
        "attrs": [],
        "isMulticolor": false,
        "isMulticolor2": false,
        "tags": [
          "user"
        ],
        "grid": 20
      },
      "attrs": [],
      "properties": {
        "id": 311,
        "order": 23,
        "prevSize": 20,
        "name": "user"
      },
      "setIdx": 0,
      "setId": 2,
      "iconIdx": 310
    },
    {
      "icon": {
        "paths": [
          "M870.4 51.2h-716.8c-56.32 0-102.4 46.080-102.4 102.4v716.8c0 56.371 46.080 102.4 102.4 102.4h358.4v-358.4h-102.4v-126.72h102.4v-104.96c0-110.797 62.054-188.621 192.819-188.621l92.314 0.102v133.376h-61.286c-50.893 0-70.246 38.195-70.246 73.626v86.528h131.482l-29.082 126.669h-102.4v358.4h204.8c56.32 0 102.4-46.029 102.4-102.4v-716.8c0-56.32-46.080-102.4-102.4-102.4z"
        ],
        "attrs": [],
        "isMulticolor": false,
        "isMulticolor2": false,
        "tags": [
          "facebook"
        ],
        "grid": 20
      },
      "attrs": [],
      "properties": {
        "id": 360,
        "order": 27,
        "prevSize": 20,
        "name": "facebook"
      },
      "setIdx": 0,
      "setId": 2,
      "iconIdx": 359
    },
    {
      "icon": {
        "paths": [
          "M674.816 579.021c-36.762 0-66.56 41.318-66.56 92.109 0 50.893 29.798 92.211 66.56 92.211s66.56-41.318 66.56-92.211c-0.051-50.79-29.798-92.109-66.56-92.109zM906.547 339.251c7.629-18.688 7.936-124.877-32.512-226.611 0 0-92.723 10.189-233.011 106.496-29.44-8.192-79.258-12.186-128.973-12.186-49.818 0-99.584 3.994-129.024 12.186-140.339-96.307-233.062-106.496-233.062-106.496-40.397 101.734-39.987 207.923-32.461 226.611-47.514 51.61-76.544 113.613-76.544 198.195 0 367.923 305.306 373.811 382.31 373.811 17.51 0 52.122 0.102 88.781 0.102 36.608 0 71.27-0.102 88.678-0.102 77.107 0 382.31-5.888 382.31-373.811 0-84.582-28.979-146.586-76.493-198.195zM513.434 866.048h-2.867c-193.075 0-343.501-22.989-343.501-210.688 0-45.005 15.872-86.682 53.606-121.293 62.822-57.702 169.216-27.187 289.894-27.187 0.512 0 1.024 0 1.485 0 0.512 0 0.922 0 1.382 0 120.678 0 227.123-30.515 289.997 27.187 37.632 34.611 53.504 76.288 53.504 121.293 0 187.699-150.374 210.688-343.501 210.688zM349.235 579.021c-36.762 0-66.56 41.318-66.56 92.109 0 50.893 29.798 92.211 66.56 92.211 36.813 0 66.611-41.318 66.611-92.211 0-50.79-29.798-92.109-66.611-92.109z"
        ],
        "attrs": [],
        "isMulticolor": false,
        "isMulticolor2": false,
        "tags": [
          "github"
        ],
        "grid": 20
      },
      "attrs": [],
      "properties": {
        "id": 364,
        "order": 26,
        "prevSize": 20,
        "name": "github"
      },
      "setIdx": 0,
      "setId": 2,
      "iconIdx": 363
    },
    {
      "icon": {
        "paths": [
          "M512 20.48c-271.462 0-491.52 220.058-491.52 491.52s220.058 491.52 491.52 491.52 491.52-220.058 491.52-491.52-220.058-491.52-491.52-491.52zM483.686 722.995c-30.874 15.002-64.102 16.589-76.954 16.589-2.458 0-3.84 0-3.84 0s-1.178 0-2.765 0c-20.070 0-119.962-4.608-119.962-95.59 0-89.395 108.8-96.41 142.131-96.41h0.87c-19.251-25.702-15.258-51.61-15.258-51.61-1.69 0.102-4.147 0.205-7.168 0.205-12.544 0-36.762-1.997-57.549-15.411-25.498-16.384-38.4-44.288-38.4-82.893 0-109.107 119.142-113.51 120.32-113.613h118.989v2.611c0 13.312-23.91 15.923-40.192 18.125-5.53 0.819-16.64 1.894-19.763 3.482 30.157 16.128 35.021 41.421 35.021 79.104 0 42.906-16.794 65.587-34.611 81.51-11.059 9.882-19.712 17.613-19.712 28.006 0 10.189 11.878 20.582 25.702 32.717 22.579 19.917 53.555 47.002 53.555 92.723 0 47.258-20.326 81.050-60.416 100.454zM742.4 512h-76.8v76.8h-51.2v-76.8h-76.8v-51.2h76.8v-76.8h51.2v76.8h76.8v51.2zM421.018 570.88c-2.662 0-5.325 0.102-8.038 0.307-22.733 1.69-43.725 10.189-58.88 24.013-15.053 13.619-22.733 30.822-21.658 48.179 2.304 36.403 41.37 57.702 88.832 54.323 46.694-3.379 77.824-30.31 75.571-66.714-2.15-34.202-31.898-60.109-75.827-60.109zM465.766 372.992c-12.39-43.52-32.358-56.422-63.386-56.422-3.328 0-6.707 0.512-9.933 1.382-13.466 3.84-24.166 15.053-30.106 31.744-6.093 16.896-6.451 34.509-1.229 54.579 9.472 35.891 34.97 61.901 60.672 61.901 3.379 0 6.758-0.41 9.933-1.382 28.109-7.885 45.722-50.79 34.048-91.802z"
        ],
        "attrs": [],
        "isMulticolor": false,
        "isMulticolor2": false,
        "tags": [
          "google+-with-circle"
        ],
        "grid": 20
      },
      "attrs": [],
      "properties": {
        "id": 365,
        "order": 25,
        "prevSize": 20,
        "name": "google-with-circle"
      },
      "setIdx": 0,
      "setId": 2,
      "iconIdx": 364
    },
    {
      "icon": {
        "paths": [
          "M870.4 51.2h-716.8c-56.32 0-102.4 46.080-102.4 102.4v716.8c0 56.371 46.080 102.4 102.4 102.4h716.8c56.32 0 102.4-46.029 102.4-102.4v-716.8c0-56.32-46.080-102.4-102.4-102.4zM511.181 794.778c156.621 0 283.546-127.027 283.546-283.597 0-17.306-2.202-33.997-5.274-50.381h80.947v369.459c0 19.558-15.872 35.328-35.482 35.328h-645.837c-19.61-0-35.482-15.77-35.482-35.328v-369.459h79.309c-3.123 16.384-5.325 33.075-5.325 50.381 0 156.621 127.027 283.597 283.597 283.597zM333.978 511.181c0-97.894 79.36-177.203 177.254-177.203 97.843 0 177.254 79.309 177.254 177.203s-79.411 177.254-177.254 177.254c-97.946 0-177.254-79.36-177.254-177.254zM834.918 307.2h-82.688c-19.558 0-35.43-15.974-35.43-35.43v-82.79c0-19.558 15.872-35.379 35.379-35.379h82.688c19.661 0 35.533 15.821 35.533 35.379v82.739c0 19.507-15.872 35.482-35.482 35.482z"
        ],
        "attrs": [],
        "isMulticolor": false,
        "isMulticolor2": false,
        "tags": [
          "instagram"
        ],
        "grid": 20
      },
      "attrs": [],
      "properties": {
        "id": 368,
        "order": 24,
        "prevSize": 20,
        "name": "instagram"
      },
      "setIdx": 0,
      "setId": 2,
      "iconIdx": 367
    },
    {
      "icon": {
        "paths": [
          "M886.579 319.795c0.41 8.294 0.563 16.691 0.563 24.986 0 255.488-194.406 549.99-549.888 549.99-109.21 0-210.739-32-296.294-86.886 15.155 1.792 30.515 2.714 46.080 2.714 90.624 0 173.926-30.925 240.026-82.688-84.531-1.587-155.955-57.395-180.531-134.195 11.776 2.202 23.91 3.379 36.352 3.379 17.664 0 34.765-2.304 50.944-6.707-88.422-17.818-155.034-95.898-155.034-189.594 0-0.819 0-1.587 0-2.406 26.061 14.49 55.91 23.194 87.552 24.218-51.866-34.714-86.016-93.798-86.016-160.922 0-35.379 9.523-68.608 26.214-97.178 95.283 116.992 237.773 193.894 398.387 201.984-3.277-14.182-4.966-28.877-4.966-44.083 0-106.701 86.477-193.178 193.229-193.178 55.603 0 105.83 23.398 141.107 60.979 43.981-8.704 85.35-24.781 122.726-46.899-14.438 45.107-45.107 82.995-84.992 106.906 39.117-4.71 76.288-15.002 111.002-30.413-25.907 38.81-58.675 72.806-96.461 99.994z"
        ],
        "attrs": [],
        "isMulticolor": false,
        "isMulticolor2": false,
        "tags": [
          "twitter"
        ],
        "grid": 20
      },
      "attrs": [],
      "properties": {
        "id": 381,
        "order": 28,
        "prevSize": 20,
        "name": "twitter"
      },
      "setIdx": 0,
      "setId": 2,
      "iconIdx": 380
    }
  ],
  "height": 1024,
  "preferences": {
    "showGlyphs": true,
    "showQuickUse": true,
    "showQuickUse2": true,
    "showSVGs": true,
    "fontPref": {
      "prefix": "icon-",
      "metadata": {
        "fontFamily": "icomoon"
      },
      "metrics": {
        "emSize": 1024,
        "baseline": 6.25,
        "whitespace": 50
      },
      "embed": false
    },
    "imagePref": {
      "prefix": "icon-",
      "png": false,
      "useClassSelector": true,
      "color": 0,
      "bgColor": 16777215,
      "classSelector": ".icon",
      "name": "icomoon",
      "height": 32,
      "columns": 16,
      "margin": 16
    },
    "historySize": 50,
    "showCodes": true,
    "gridSize": 16
  }
}